timestamp,Model,Data,Seed,struct_feats,lr,input_dim,hidden_dim,proj_dim,gconv_nlayers,loss,pre_1,rec_1,f1_1,pre_0,rec_0,f1_0,F1Mi,F1Ma,auroc,auprc,ari_score,sil_score
2026-05-08 18:24:54,aml_gbt_a_s2024,amlworld/AMLWORLD_NODE_FEAT,2024,,-1,-1,-1,32,-1,BarlowTwins,0.0208588291324294,0.690343176376696,0.0404941219153953,0.9936960539409816,0.6009998526015821,0.7489969460624105,0.6020865285678231,0.3947455339889029,0.7150694188122338,0.0243318301010747,0.0,0.0
2026-05-08 18:26:20,aml_gbt_a_s2025,amlworld/AMLWORLD_NODE_FEAT,2025,,-1,-1,-1,32,-1,BarlowTwins,0.0214490713492588,0.6968263355016755,0.0416171224732461,0.9937799023711594,0.6037484121582608,0.7511516792966731,0.6048942903181969,0.3963844008849596,0.7129067855385685,0.0252920488480223,0.0,0.0
2026-05-08 18:27:41,aml_gbt_a_s2026,amlworld/AMLWORLD_NODE_FEAT,2026,,-1,-1,-1,32,-1,BarlowTwins,0.0211795494906066,0.6690944881889764,0.0410594026515265,0.9933184147034624,0.6140317254393207,0.7589248973927197,0.614710536022831,0.3999921500221232,0.7077511750603389,0.0239323480493426,0.0,0.0
2026-05-08 18:28:58,aml_gbt_a_s2027,amlworld/AMLWORLD_NODE_FEAT,2027,,-1,-1,-1,32,-1,BarlowTwins,0.0236947733387043,0.6522772277227723,0.0457284060304856,0.993569037626257,0.6665438231840048,0.7978461230803616,0.6663689840610378,0.4217872645554236,0.7146337563868272,0.0242825968225485,0.0,0.0
2026-05-08 18:30:21,aml_gbt_b_s2024,amlworld/AMLWORLD_NODE_FEAT,2024,,-1,-1,-1,32,-1,BarlowTwins,0.0250773964675217,0.5317238627294493,0.0478959050349109,0.9923250741495286,0.7454773252100427,0.8513693412881334,0.7428774583082568,0.4496326231615222,0.7251073567005246,0.0270476837867047,0.0,0.0
2026-05-08 18:31:42,aml_gbt_b_s2025,amlworld/AMLWORLD_NODE_FEAT,2025,,-1,-1,-1,32,-1,BarlowTwins,0.0260250214358094,0.5265129114922137,0.0495984401838354,0.9922375904860392,0.7543949739434249,0.857122518455863,0.7515895280436429,0.4533604793198492,0.7152271544769968,0.0298644972452409,0.0,0.0
2026-05-08 18:33:01,aml_gbt_b_s2026,amlworld/AMLWORLD_NODE_FEAT,2026,,-1,-1,-1,32,-1,BarlowTwins,0.025567277172294,0.4899606299212598,0.0485985687926506,0.991767311364669,0.7669192514840587,0.8649698702947016,0.7635049214700343,0.4567842195436761,0.7159483882656363,0.0277516916713174,0.0,0.0
2026-05-08 18:34:20,aml_gbt_b_s2027,amlworld/AMLWORLD_NODE_FEAT,2027,,-1,-1,-1,32,-1,BarlowTwins,0.0264103485447358,0.523960396039604,0.0502860183583876,0.9922920060022316,0.7603520202839159,0.8609748701499222,0.7574550078627036,0.4556304442541549,0.7175713135607382,0.0284048790452173,0.0,0.0
2026-05-08 18:36:31,aml_gbt_c_s2024,amlworld/AMLWORLD_NODE_FEAT,2024,,-1,-1,-1,32,-1,BarlowTwins,0.0230342192839767,0.6159217877094972,0.0444076817952959,0.993076884346206,0.6783496290473149,0.806081907536556,0.6775903240210449,0.4252447946659259,0.7093293013193432,0.023307608718815,0.0,0.0
2026-05-08 18:38:44,aml_gbt_c_s2025,amlworld/AMLWORLD_NODE_FEAT,2025,,-1,-1,-1,32,-1,BarlowTwins,0.0223064092052811,0.6221170904790065,0.0430685671786403,0.9929154286221118,0.6601269290587938,0.7930228885737182,0.6596589916325303,0.4180457278761793,0.7066017183957065,0.0234751565340057,0.0,0.0
2026-05-08 18:40:55,aml_gbt_c_s2026,amlworld/AMLWORLD_NODE_FEAT,2026,,-1,-1,-1,32,-1,BarlowTwins,0.0223581820232322,0.6244094488188976,0.0431705590941259,0.9929385640266468,0.6592070605810434,0.7923661236399722,0.6587780776175037,0.417768341367049,0.7065674920693366,0.0222166949703152,0.0,0.0
2026-05-08 18:43:08,aml_gbt_c_s2027,amlworld/AMLWORLD_NODE_FEAT,2027,,-1,-1,-1,32,-1,BarlowTwins,0.0223360701250434,0.5974257425742574,0.0430621668105878,0.99266062332355,0.6755556210720797,0.8039694687736195,0.6745981284824011,0.4235158177921037,0.7087593769106114,0.0236490062046284,0.0,0.0
2026-05-08 18:45:02,aml_gbt_d_s2024,amlworld/AMLWORLD_NODE_FEAT,2024,,-1,-1,-1,32,-1,BarlowTwins,0.0244288319210554,0.545291300877893,0.0467627130244336,0.9924082932484112,0.7318749078759887,0.8424587419548226,0.7296055058339319,0.4446107274896281,0.7331457646148825,0.0284511637578094,0.0,0.0
2026-05-08 18:46:58,aml_gbt_d_s2025,amlworld/AMLWORLD_NODE_FEAT,2025,,-1,-1,-1,32,-1,BarlowTwins,0.0253182651396666,0.5935343977922334,0.0485649077815143,0.99296596235323,0.7151958604320895,0.8314963329024702,0.7136980915956435,0.4400306203419922,0.7336006213731375,0.0304260250696627,0.0,0.0
2026-05-08 18:48:53,aml_gbt_d_s2026,amlworld/AMLWORLD_NODE_FEAT,2026,,-1,-1,-1,32,-1,BarlowTwins,0.0247014589212991,0.5289370078740158,0.0471987282516094,0.9921099398931068,0.7393265715296615,0.8472655342573756,0.7367329010464191,0.4472321312544925,0.7233535293231789,0.0289669370856481,0.0,0.0
2026-05-08 18:50:48,aml_gbt_d_s2027,amlworld/AMLWORLD_NODE_FEAT,2027,,-1,-1,-1,32,-1,BarlowTwins,0.0248283196875372,0.5362376237623763,0.047459231153445,0.9922707035903936,0.738684886812015,0.8469025738530334,0.7362038672853288,0.4471809025032392,0.7151622519151543,0.0289195831235559,0.0,0.0
2026-05-08 18:52:02,aml_bgrl_a_s2024,amlworld/AMLWORLD_NODE_FEAT,2024,,-1,-1,-1,32,-1,BarlowTwins,0.020693486412666,0.0891859537110933,0.0335926051177995,0.9883089909365868,0.9480322311207192,0.9677517237574464,0.9375861499932052,0.500672164437623,0.5391224592153596,0.0169881822064748,0.0,0.0
2026-05-08 18:53:15,aml_bgrl_a_s2025,amlworld/AMLWORLD_NODE_FEAT,2025,,-1,-1,-1,32,-1,BarlowTwins,0.0234079425907393,0.1890400157697614,0.0416576169584292,0.9889141289615012,0.9016950901599268,0.9432927816661568,0.8929216253470267,0.4924751993122931,0.523964419510285,0.0174853342062379,0.0,0.0
2026-05-08 18:54:35,aml_bgrl_a_s2026,amlworld/AMLWORLD_NODE_FEAT,2026,,-1,-1,-1,32,-1,BarlowTwins,0.0221184028031243,0.1192913385826771,0.0373175688158137,0.9883693725076298,0.9341706962299012,0.9605060720051132,0.9241249102098662,0.4989118204104635,0.5360500457417724,0.0175891666235038,0.0,0.0
2026-05-08 18:55:47,aml_bgrl_a_s2027,amlworld/AMLWORLD_NODE_FEAT,2027,,-1,-1,-1,32,-1,BarlowTwins,0.0242373198577578,0.1025742574257425,0.0392097494512148,0.9884003071410288,0.948764440251387,0.9681768836762682,0.9383942611970724,0.5036933165637415,0.5453841575985068,0.018061615089529,0.0,0.0
2026-05-08 18:57:07,aml_bgrl_b_s2024,amlworld/AMLWORLD_NODE_FEAT,2024,,-1,-1,-1,32,-1,BarlowTwins,0.0352754477442756,0.1552274541101356,0.0574869767613699,0.989144062951102,0.9477300643639758,0.967994309207266,0.9380909161505756,0.512740642984318,0.6183810013046269,0.0248334668536107,0.0,0.0
2026-05-08 18:58:27,aml_bgrl_b_s2025,amlworld/AMLWORLD_NODE_FEAT,2025,,-1,-1,-1,32,-1,BarlowTwins,0.0434018306358731,0.1411393652671003,0.0663885025498377,0.9889856537951084,0.9612259489581056,0.9749082327610912,0.951129899629191,0.5206483676554644,0.5727265202934635,0.0255629267161928,0.0,0.0
2026-05-08 18:59:44,aml_bgrl_b_s2026,amlworld/AMLWORLD_NODE_FEAT,2026,,-1,-1,-1,32,-1,BarlowTwins,0.0379833077840231,0.1316929133858267,0.0589609130568897,0.9888175957450585,0.958367732043873,0.9733545781339096,0.9481765322564988,0.5161577455953997,0.5931088417958031,0.0248618883818451,0.0,0.0
2026-05-08 19:01:03,aml_bgrl_b_s2027,amlworld/AMLWORLD_NODE_FEAT,2027,,-1,-1,-1,32,-1,BarlowTwins,0.0402279202279202,0.1398019801980198,0.0624778761061946,0.9889892071925012,0.9586164875608688,0.9735660175860588,0.9485818012386183,0.5180219468461268,0.5908808225560679,0.0256264143488725,0.0,0.0
2026-05-08 19:03:12,aml_bgrl_c_s2024,amlworld/AMLWORLD_NODE_FEAT,2024,,-1,-1,-1,32,-1,BarlowTwins,0.0215383390397324,0.1079409417398244,0.035911052107534,0.9884456550391002,0.9396231513781752,0.9634162621817752,0.9295074647149042,0.4996636571446545,0.5819325080525062,0.0182214817523502,0.0,0.0
2026-05-08 19:05:21,aml_bgrl_c_s2025,amlworld/AMLWORLD_NODE_FEAT,2025,,-1,-1,-1,32,-1,BarlowTwins,0.0222814102013345,0.1533609304159274,0.0389097274318579,0.9886121090798212,0.9161201870274864,0.9509866684350268,0.9067298918635578,0.4949481979334423,0.5040087672494971,0.016396872348281,0.0,0.0
2026-05-08 19:07:30,aml_bgrl_c_s2026,amlworld/AMLWORLD_NODE_FEAT,2026,,-1,-1,-1,32,-1,BarlowTwins,0.0236504784257086,0.1289370078740157,0.0399694889397406,0.9884878647785896,0.9335613476431968,0.960239787002018,0.9236419848958436,0.5001046379708793,0.5740557389508556,0.0186598259050027,0.0,0.0
2026-05-08 19:09:39,aml_bgrl_c_s2027,amlworld/AMLWORLD_NODE_FEAT,2027,,-1,-1,-1,32,-1,BarlowTwins,0.0249632217727105,0.1075247524752475,0.0405193642265502,0.9884530641524902,0.9478922515244876,0.9677478422057284,0.937593430274321,0.5041336032161394,0.4970161023723582,0.0167200142639908,0.0,0.0
2026-05-08 19:11:32,aml_bgrl_d_s2024,amlworld/AMLWORLD_NODE_FEAT,2024,,-1,-1,-1,32,-1,BarlowTwins,0.0327868852459016,0.1620111731843575,0.0545369064409967,0.9891558612569906,0.9411536382842824,0.9645578990037338,0.9316769884874488,0.5095474027223652,0.6387625785669054,0.0249258652236023,0.0,0.0
2026-05-08 19:13:39,aml_bgrl_d_s2025,amlworld/AMLWORLD_NODE_FEAT,2025,,-1,-1,-1,32,-1,BarlowTwins,0.0486004306367271,0.155726394638281,0.0740810202550637,0.9891793429792052,0.9620023636421712,0.9754015864158164,0.9520763361742608,0.52474130333544,0.5885485822020406,0.0277304544517589,0.0,0.0
2026-05-08 19:15:31,aml_bgrl_d_s2026,amlworld/AMLWORLD_NODE_FEAT,2026,,-1,-1,-1,32,-1,BarlowTwins,0.0404035178479048,0.1537401574803149,0.0639901679639492,0.9890538827016208,0.9544241655855644,0.9714305006414632,0.944553379021142,0.5177103343027063,0.6262744245838646,0.0276528710417613,0.0,0.0
2026-05-08 19:17:24,aml_bgrl_d_s2027,amlworld/AMLWORLD_NODE_FEAT,2027,,-1,-1,-1,32,-1,BarlowTwins,0.0449139102854553,0.157029702970297,0.0698493790187615,0.9892068273092368,0.9585698070374574,0.973647368854484,0.9487468209439128,0.5217483739366229,0.576514920180197,0.027044434028089,0.0,0.0
2026-05-08 19:18:53,aml_dgi_a_s2024,amlworld/AMLWORLD_NODE_FEAT,2024,,-1,-1,-1,32,-1,BarlowTwins,0.0239316239316239,0.3212290502793296,0.0445446622490904,0.990133324825912,0.8386847147840614,0.9081381166897428,0.8323909413888835,0.4763413894694167,0.4780350173390181,0.0156339482488446,0.0,0.0
2026-05-08 19:20:31,aml_dgi_a_s2025,amlworld/AMLWORLD_NODE_FEAT,2025,,-1,-1,-1,32,-1,BarlowTwins,0.0137263621821464,0.4076483343189434,0.0265584465620424,0.9885047797928947,0.6349106508861201,0.7731997630204126,0.6321128346502553,0.3998791047912275,0.4996007053647597,0.0165835293754042,0.0,0.0
2026-05-08 19:21:46,aml_dgi_a_s2026,amlworld/AMLWORLD_NODE_FEAT,2026,,-1,-1,-1,32,-1,BarlowTwins,0.0216590573237168,0.3866141732283464,0.0410200714300632,0.9903047349981644,0.7820251995125211,0.8739267366478762,0.7771505950416432,0.4574734040389697,0.4921709240971751,0.016128641655167,0.0,0.0
2026-05-08 19:23:02,aml_dgi_a_s2027,amlworld/AMLWORLD_NODE_FEAT,2027,,-1,-1,-1,32,-1,BarlowTwins,0.0201337904818693,0.4279207920792079,0.0384581160684095,0.9905197873597164,0.7416085616993676,0.8481795881207482,0.737764274204508,0.4433188520945789,0.5113306987420001,0.0166868241532315,0.0,0.0
2026-05-08 19:24:23,aml_dgi_b_s2024,amlworld/AMLWORLD_NODE_FEAT,2024,,-1,-1,-1,32,-1,BarlowTwins,0.0272637947975383,0.5259377494014366,0.0518402706077858,0.9924663984247925,0.7689554365449811,0.8665300015087612,0.7659996311324234,0.4591851360582735,0.5838210671923865,0.0286760501155899,0.0,0.0
2026-05-08 19:25:47,aml_dgi_b_s2025,amlworld/AMLWORLD_NODE_FEAT,2025,,-1,-1,-1,32,-1,BarlowTwins,0.0245379051701044,0.4514094224324857,0.0465456614971849,0.9912689374331366,0.7763262317597832,0.870728877596294,0.7723261954221592,0.4586372695467394,0.5479141432231671,0.0258995602614341,0.0,0.0
2026-05-08 19:27:08,aml_dgi_b_s2026,amlworld/AMLWORLD_NODE_FEAT,2026,,-1,-1,-1,32,-1,BarlowTwins,0.0279593903955062,0.4781496062992126,0.0528296141632954,0.9918479932102486,0.7925094350748909,0.8810442126885445,0.7886340251218233,0.46693691342592,0.5605964091189937,0.027933372833359,0.0,0.0
2026-05-08 19:28:31,aml_dgi_b_s2027,amlworld/AMLWORLD_NODE_FEAT,2027,,-1,-1,-1,32,-1,BarlowTwins,0.0232751805196858,0.4372277227722772,0.0441975679327428,0.9910405508075169,0.7723538285399807,0.8681370119119781,0.7682468112368712,0.4561672899223605,0.5528757452524886,0.025768807985537,0.0,0.0
2026-05-08 19:30:44,aml_dgi_c_s2024,amlworld/AMLWORLD_NODE_FEAT,2024,,-1,-1,-1,32,-1,BarlowTwins,0.0210402635786617,0.3465682362330407,0.0396720263109811,0.9900611806406971,0.8014567876971453,0.8858311973238335,0.7959240132792328,0.4627516118174073,0.4872011099073421,0.0155900148732317,0.0,0.0
2026-05-08 19:32:59,aml_dgi_c_s2025,amlworld/AMLWORLD_NODE_FEAT,2025,,-1,-1,-1,32,-1,BarlowTwins,0.0128157412414064,0.3597476838162823,0.0247497897963058,0.9879556048340744,0.6545986599475674,0.7874496799021086,0.650968762740492,0.4060997348492072,0.4799821057035209,0.0161560014184963,0.0,0.0
2026-05-08 19:35:11,aml_dgi_c_s2026,amlworld/AMLWORLD_NODE_FEAT,2026,,-1,-1,-1,32,-1,BarlowTwins,0.0170618561454961,0.3641732283464567,0.0325965341955263,0.9893625079451857,0.7381299878130283,0.845477636198611,0.7335198703139257,0.4390370851970687,0.4694904051587696,0.0151402704309056,0.0,0.0
2026-05-08 19:37:45,aml_dgi_c_s2027,amlworld/AMLWORLD_NODE_FEAT,2027,,-1,-1,-1,32,-1,BarlowTwins,0.0182341075672545,0.3615841584158415,0.0347174690090501,0.9896643477703332,0.75845040317231,0.8587666492338849,0.7535867518297773,0.4467420591214675,0.4753321870211993,0.0157464850028469,0.0,0.0
2026-05-08 19:39:41,aml_dgi_d_s2024,amlworld/AMLWORLD_NODE_FEAT,2024,,-1,-1,-1,32,-1,BarlowTwins,0.0271280632058206,0.4850359138068635,0.0513823131552248,0.9919959064690194,0.7858276421166412,0.8769574514749424,0.7821691354908851,0.4641698823150836,0.5649667957517102,0.0286085424684939,0.0,0.0
2026-05-08 19:41:39,aml_dgi_d_s2025,amlworld/AMLWORLD_NODE_FEAT,2025,,-1,-1,-1,32,-1,BarlowTwins,0.0282873949369934,0.446481371969249,0.0532039838391431,0.9915421941500177,0.8088299971253,0.890914749661705,0.8043691393737017,0.472059366750424,0.5565302167120674,0.0294462490521651,0.0,0.0
2026-05-08 19:43:34,aml_dgi_d_s2026,amlworld/AMLWORLD_NODE_FEAT,2026,,-1,-1,-1,32,-1,BarlowTwins,0.0313238510429051,0.4200787401574803,0.0583004357506795,0.9914346770559246,0.8378518496678068,0.9081960270968136,0.8327015667164962,0.4832482314237466,0.544646786523924,0.0317013142865108,0.0,0.0
2026-05-08 19:45:30,aml_dgi_d_s2027,amlworld/AMLWORLD_NODE_FEAT,2027,,-1,-1,-1,32,-1,BarlowTwins,0.0228197589516929,0.4641584158415842,0.0435008536856951,0.9912527395798988,0.7533941654259475,0.8561090823813193,0.7498495408569377,0.4498049680335073,0.5589762771477407,0.0300997503758591,0.0,0.0
2026-05-08 19:46:48,aml_mvgrl_a_s2024,amlworld/AMLWORLD_NODE_FEAT,2024,,-1,-1,-1,32,-1,BarlowTwins,0.0239840458549599,0.3623304070231444,0.0449900283665101,0.9904981344115592,0.8184518252837419,0.8962934565484958,0.8129040556019337,0.470641742457503,0.5017774172428857,0.0168245944667985,0.0,0.0
2026-05-08 19:48:04,aml_mvgrl_a_s2025,amlworld/AMLWORLD_NODE_FEAT,2025,,-1,-1,-1,32,-1,BarlowTwins,0.0132494182490083,0.4141533609304159,0.0256773767767009,0.988276087874114,0.6155469669458647,0.7586003288427823,0.6130676192510047,0.3921388528097416,0.5040003420787391,0.0169384559245537,0.0,0.0
2026-05-08 19:49:19,aml_mvgrl_a_s2026,amlworld/AMLWORLD_NODE_FEAT,2026,,-1,-1,-1,32,-1,BarlowTwins,0.0211439110631056,0.4084645669291338,0.0402065551217338,0.990427954831414,0.7639707905806502,0.8625838677147617,0.7595881302296686,0.4513952114182478,0.4976591500937626,0.0160981196140699,0.0,0.0
2026-05-08 19:50:34,aml_mvgrl_a_s2027,amlworld/AMLWORLD_NODE_FEAT,2027,,-1,-1,-1,32,-1,BarlowTwins,0.0195318388354114,0.3592079207920792,0.0370491401495036,0.9898620918677437,0.7762774493762008,0.8701550494340557,0.7711662039643558,0.4536020947917797,0.4894905016689442,0.0162102206580286,0.0,0.0
2026-05-08 19:51:57,aml_mvgrl_b_s2024,amlworld/AMLWORLD_NODE_FEAT,2024,,-1,-1,-1,32,-1,BarlowTwins,0.0273812460451098,0.5093774940143655,0.0519689367029343,0.9922874984709864,0.7772171178696016,0.8716821900748457,0.7739594051524976,0.46182556338889,0.5734536020346237,0.0281560073023943,0.0,0.0
2026-05-08 19:53:19,aml_mvgrl_b_s2025,amlworld/AMLWORLD_NODE_FEAT,2025,,-1,-1,-1,32,-1,BarlowTwins,0.0270632399653479,0.4618568894145476,0.0511304120111731,0.9916128259246628,0.7930412605436377,0.8812798977741858,0.7889640645324119,0.4662051548926795,0.5547058142871307,0.0262303161308713,0.0,0.0
2026-05-08 19:54:40,aml_mvgrl_b_s2026,amlworld/AMLWORLD_NODE_FEAT,2026,,-1,-1,-1,32,-1,BarlowTwins,0.0278411789922489,0.4730314960629921,0.0525872350669103,0.9917823189393452,0.7938337854306718,0.8818360347893492,0.7898789531926459,0.4672116349281298,0.5580405820238608,0.0274217959965405,0.0,0.0
2026-05-08 19:56:00,aml_mvgrl_b_s2027,amlworld/AMLWORLD_NODE_FEAT,2027,,-1,-1,-1,32,-1,BarlowTwins,0.0266056271326395,0.4338613861386138,0.050136726124415,0.9913290327276698,0.8030573285964886,0.8873162011719148,0.7985327806791046,0.4687264636481649,0.5564528345975508,0.02627778098898,0.0,0.0
2026-05-08 19:58:29,aml_mvgrl_c_s2024,amlworld/AMLWORLD_NODE_FEAT,2024,,-1,-1,-1,32,-1,BarlowTwins,0.0208583284718935,0.3780925778132482,0.0395355872442965,0.9902964002976145,0.7814671055864001,0.873574897601338,0.7765608922712536,0.4565552424228172,0.4993926741104109,0.0157551129149312,0.0,0.0
2026-05-08 20:00:44,aml_mvgrl_c_s2025,amlworld/AMLWORLD_NODE_FEAT,2025,,-1,-1,-1,32,-1,BarlowTwins,0.0134991425950788,0.400354819633353,0.0261176515974718,0.9883723597000208,0.6353234283130916,0.773465227477016,0.6324307402589838,0.3997914395372439,0.4952305718837605,0.0169275689878801,0.0,0.0
2026-05-08 20:02:58,aml_mvgrl_c_s2026,amlworld/AMLWORLD_NODE_FEAT,2026,,-1,-1,-1,32,-1,BarlowTwins,0.0154513438934032,0.3990157480314961,0.0297506347878414,0.9891308217568692,0.6826497818138931,0.8077973128956006,0.679153157700596,0.418773973841721,0.4828942615076649,0.0155104235857675,0.0,0.0
2026-05-08 20:05:13,aml_mvgrl_c_s2027,amlworld/AMLWORLD_NODE_FEAT,2027,,-1,-1,-1,32,-1,BarlowTwins,0.0182905304033183,0.3283168316831683,0.0346506719053689,0.9894469610234456,0.7813631695584022,0.8731793434242209,0.7758110233163137,0.4539150076647949,0.4667450717019165,0.0153486305526148,0.0,0.0
2026-05-08 20:07:09,aml_mvgrl_d_s2024,amlworld/AMLWORLD_NODE_FEAT,2024,,-1,-1,-1,32,-1,BarlowTwins,0.0262720061907525,0.5418994413407822,0.0501143995866853,0.9925621655242118,0.7527047609688989,0.8561512926264964,0.7501407521015745,0.4531328461065909,0.5881066070821274,0.0304846329168579,0.0,0.0
2026-05-08 20:09:04,aml_mvgrl_d_s2025,amlworld/AMLWORLD_NODE_FEAT,2025,,-1,-1,-1,32,-1,BarlowTwins,0.0292742321990647,0.4454957618766016,0.0549383766438972,0.991599750351628,0.8158693264602616,0.8951918799789721,0.8113096740375468,0.4750651283114346,0.5580266685600501,0.0297286145781341,0.0,0.0
2026-05-08 20:10:59,aml_mvgrl_d_s2026,amlworld/AMLWORLD_NODE_FEAT,2026,,-1,-1,-1,32,-1,BarlowTwins,0.0296257927584202,0.4616141732283464,0.0556782296934729,0.9917847638157145,0.8112763887250855,0.892495033179711,0.8069657729717137,0.4740866314365919,0.5645048714320141,0.0320501446411527,0.0,0.0
2026-05-08 20:12:54,aml_mvgrl_d_s2027,amlworld/AMLWORLD_NODE_FEAT,2027,,-1,-1,-1,32,-1,BarlowTwins,0.0257347456362822,0.4782178217821782,0.0488411600533915,0.9917198252836,0.7753757782134627,0.870304390749698,0.7717340658913976,0.4595727754015448,0.5669629692821723,0.0303552504429584,0.0,0.0
2026-05-08 20:14:07,aml_grace_a_s2024,amlworld/AMLWORLD_NODE_FEAT,2024,,-1,-1,-1,32,-1,BarlowTwins,0.0216820894924488,0.4319632881085395,0.0412915776624961,0.990881429761066,0.7600181791382106,0.860229674118563,0.756028072763983,0.4507606258905295,0.5208982233726366,0.0169760536977791,0.0,0.0
2026-05-08 20:15:20,aml_grace_a_s2025,amlworld/AMLWORLD_NODE_FEAT,2025,,-1,-1,-1,32,-1,BarlowTwins,0.0135420807855164,0.423023851764242,0.0262440229421188,0.988458338426596,0.6159130612114526,0.758932004444431,0.6135384107631676,0.3925880136932749,0.5021007802822082,0.0163940732554338,0.0,0.0
2026-05-08 20:16:37,aml_grace_a_s2026,amlworld/AMLWORLD_NODE_FEAT,2026,,-1,-1,-1,32,-1,BarlowTwins,0.0227504244482173,0.4088582677165354,0.0431024643320363,0.9906383562412516,0.7807868459330896,0.8732825937900625,0.7762017317362014,0.4581925290610494,0.5024216472149503,0.0158354992782966,0.0,0.0
2026-05-08 20:17:49,aml_grace_a_s2027,amlworld/AMLWORLD_NODE_FEAT,2027,,-1,-1,-1,32,-1,BarlowTwins,0.0179813109140818,0.3722772277227723,0.0343056303203379,0.9896916938465592,0.7477458220931547,0.8518727406824801,0.743144401949174,0.443089185501409,0.4898777267057012,0.0162339670199171,0.0,0.0
2026-05-08 20:19:11,aml_grace_b_s2024,amlworld/AMLWORLD_NODE_FEAT,2024,,-1,-1,-1,32,-1,BarlowTwins,0.0235258146239189,0.5373104549082203,0.0450779196866473,0.9922077136578384,0.7254041173291407,0.8380840743505397,0.7231163485992739,0.4415809970185935,0.5687066191241743,0.0234842765009194,0.0,0.0
2026-05-08 20:20:30,aml_grace_b_s2025,amlworld/AMLWORLD_NODE_FEAT,2025,,-1,-1,-1,32,-1,BarlowTwins,0.0258820601576905,0.4510151783954267,0.0489547895671523,0.9913955837872408,0.7884196275666525,0.8783335842445974,0.7842658564522704,0.4636441869058749,0.5442421595276411,0.0228651128536145,0.0,0.0
2026-05-08 20:21:49,aml_grace_b_s2026,amlworld/AMLWORLD_NODE_FEAT,2026,,-1,-1,-1,32,-1,BarlowTwins,0.0246136583873106,0.475,0.0468021141444018,0.991507370150651,0.7650518929119,0.8636823206833567,0.7614761497990642,0.4552422174138792,0.5510240467591075,0.0225627904024189,0.0,0.0
2026-05-08 20:23:13,aml_grace_b_s2027,amlworld/AMLWORLD_NODE_FEAT,2027,,-1,-1,-1,32,-1,BarlowTwins,0.0260273051314816,0.4598019801980198,0.0492658915386573,0.99155046491027,0.7865176820908943,0.8772126924973969,0.7825137354637054,0.4632392920180271,0.5675003265690604,0.0254120774246487,0.0,0.0
2026-05-08 20:25:24,aml_grace_c_s2024,amlworld/AMLWORLD_NODE_FEAT,2024,,-1,-1,-1,32,-1,BarlowTwins,0.0200209557463943,0.3888667198723065,0.0380812817506838,0.9902676630952836,0.765638972141699,0.8635852277135542,0.7610563202547128,0.450833254732119,0.5002462566232728,0.015548107388375,0.0,0.0
2026-05-08 20:27:36,aml_grace_c_s2025,amlworld/AMLWORLD_NODE_FEAT,2025,,-1,-1,-1,32,-1,BarlowTwins,0.0141929411764705,0.4458900059136605,0.0275102159953298,0.9888760056510366,0.6139720245012887,0.7575792486236085,0.6119027742724572,0.3925447323094692,0.5123042374547317,0.0168929730790604,0.0,0.0
2026-05-08 20:29:46,aml_grace_c_s2026,amlworld/AMLWORLD_NODE_FEAT,2026,,-1,-1,-1,32,-1,BarlowTwins,0.0164709842544819,0.5586614173228347,0.0319985567951833,0.9906493333166506,0.58361589416991,0.734512439680191,0.5833082568094896,0.3832554982376871,0.5501343549692322,0.0176473780695718,0.0,0.0
2026-05-08 20:31:56,aml_grace_c_s2027,amlworld/AMLWORLD_NODE_FEAT,2027,,-1,-1,-1,32,-1,BarlowTwins,0.0171364782875451,0.3982178217821782,0.0328589402133952,0.9896885179153094,0.7166221973259431,0.8313055225424729,0.7127201071657381,0.432082231377934,0.4950656655579616,0.0164683597415174,0.0,0.0
2026-05-08 20:33:47,aml_grace_d_s2024,amlworld/AMLWORLD_NODE_FEAT,2024,,-1,-1,-1,32,-1,BarlowTwins,0.0233118899536431,0.5227454110135674,0.0446333506528905,0.992018232599113,0.7303370510489854,0.8412987465033258,0.7278121299190433,0.4429660485781082,0.5643949494926126,0.0242035791953135,0.0,0.0
2026-05-08 20:35:40,aml_grace_d_s2025,amlworld/AMLWORLD_NODE_FEAT,2025,,-1,-1,-1,32,-1,BarlowTwins,0.0249405953561472,0.5255273013995664,0.0476211740959389,0.9921127997431008,0.743910918700046,0.850268964035626,0.7412224077345707,0.4489450690657825,0.5748639597914033,0.0253915263207621,0.0,0.0
2026-05-08 20:37:31,aml_grace_d_s2026,amlworld/AMLWORLD_NODE_FEAT,2026,,-1,-1,-1,32,-1,BarlowTwins,0.0260922158065339,0.543503937007874,0.0497939529473295,0.9924278787285106,0.7467861776152849,0.8522601567199021,0.7442801258032576,0.4510270548336157,0.5908892188076051,0.0277866056155242,0.0,0.0
2026-05-08 20:39:26,aml_grace_d_s2027,amlworld/AMLWORLD_NODE_FEAT,2027,,-1,-1,-1,32,-1,BarlowTwins,0.0247231030629026,0.5388118811881188,0.0472769288239842,0.9922884114259982,0.7362845251608021,0.8453292150599053,0.733864470286746,0.4463030719419448,0.5948527563961197,0.0286504803081001,0.0,0.0
2026-05-08 20:40:40,aml_gca_a_s2024,amlworld/AMLWORLD_NODE_FEAT,2024,,-1,-1,-1,32,-1,BarlowTwins,0.0212296512585209,0.3858739026336791,0.0402451332313679,0.9904104083521044,0.780953667763966,0.8732983257627058,0.776148343008018,0.4567717294970368,0.4988333345619802,0.0160364539348148,0.0,0.0
2026-05-08 20:41:59,aml_gca_a_s2025,amlworld/AMLWORLD_NODE_FEAT,2025,,-1,-1,-1,32,-1,BarlowTwins,0.0131926121372031,0.4435245416913069,0.0256230675936523,0.9883116237858248,0.5864854704802714,0.7361334482615058,0.5847254848667223,0.380878257927579,0.5121135926297944,0.0172072784990321,0.0,0.0
2026-05-08 20:43:13,aml_gca_a_s2026,amlworld/AMLWORLD_NODE_FEAT,2026,,-1,-1,-1,32,-1,BarlowTwins,0.021600823334035,0.3635826771653543,0.040778928311218,0.9901000104113716,0.7944455910681291,0.8815471987218462,0.78913393775845,0.4611630635165321,0.4775366901522024,0.0150670129519911,0.0,0.0
2026-05-08 20:44:27,aml_gca_a_s2027,amlworld/AMLWORLD_NODE_FEAT,2027,,-1,-1,-1,32,-1,BarlowTwins,0.018790196228813,0.3396039603960396,0.035610095410139,0.9896041471192422,0.7799725813346698,0.8723714419577288,0.774575802286979,0.4539907686839339,0.4768309531617991,0.0155800256780152,0.0,0.0
2026-05-08 20:45:48,aml_gca_b_s2024,amlworld/AMLWORLD_NODE_FEAT,2024,,-1,-1,-1,32,-1,BarlowTwins,0.0269476810600868,0.4706703910614525,0.0509767482064136,0.9918251512947877,0.7907409227140962,0.8799412787455303,0.7868479294880506,0.465459013475972,0.5578420578015113,0.0282084090838265,0.0,0.0
2026-05-08 20:47:09,aml_gca_b_s2025,amlworld/AMLWORLD_NODE_FEAT,2025,,-1,-1,-1,32,-1,BarlowTwins,0.0268580360949268,0.4470727380248374,0.0506719394081571,0.9914384606932252,0.7980928700070516,0.8843208866540435,0.7937714768292919,0.4674964130311003,0.5534566095135736,0.0278131775831093,0.0,0.0
2026-05-08 20:48:28,aml_gca_b_s2026,amlworld/AMLWORLD_NODE_FEAT,2026,,-1,-1,-1,32,-1,BarlowTwins,0.0286683107274969,0.4393700787401575,0.0538246358637985,0.9914785647605142,0.8141879938672013,0.8941295830590064,0.8095672600904696,0.4739771094614025,0.5461661979310317,0.0276331603160949,0.0,0.0
2026-05-08 20:49:49,aml_gca_b_s2027,amlworld/AMLWORLD_NODE_FEAT,2027,,-1,-1,-1,32,-1,BarlowTwins,0.025139720360389,0.5005940594059406,0.0478751609726535,0.9919040556764704,0.759153067893136,0.8600598995735774,0.7559843910772874,0.4539675302731155,0.5785622946111701,0.0272789207123814,0.0,0.0
2026-05-08 20:52:03,aml_gca_c_s2024,amlworld/AMLWORLD_NODE_FEAT,2024,,-1,-1,-1,32,-1,BarlowTwins,0.0207910445968507,0.3453711093375898,0.0392210175712877,0.9900217447500874,0.7997199430059451,0.8847535247154747,0.7941937331340154,0.4619872711433813,0.4831271810034926,0.0157018427827578,0.0,0.0
2026-05-08 20:54:26,aml_gca_c_s2025,amlworld/AMLWORLD_NODE_FEAT,2025,,-1,-1,-1,32,-1,BarlowTwins,0.0125444673282156,0.3433865562783363,0.0242046978233835,0.9878077348228076,0.6630851672854233,0.7935107798384311,0.6591493719544157,0.4088577388309073,0.479183704353264,0.0162394383656732,0.0,0.0
2026-05-08 20:56:37,aml_gca_c_s2026,amlworld/AMLWORLD_NODE_FEAT,2026,,-1,-1,-1,32,-1,BarlowTwins,0.0202730511882783,0.3393700787401574,0.0382605221984265,0.9897380386688804,0.7952908165271062,0.8819236402029904,0.7896702518006562,0.4600920812007085,0.4706352696499055,0.0151357807890698,0.0,0.0
2026-05-08 20:58:49,aml_gca_c_s2027,amlworld/AMLWORLD_NODE_FEAT,2027,,-1,-1,-1,32,-1,BarlowTwins,0.0175798064671648,0.4043564356435644,0.0336947015824299,0.989834953162384,0.7196367763904654,0.833382175952929,0.7157729717136811,0.4335384387676794,0.4922904673311501,0.0158204322133417,0.0,0.0
2026-05-08 21:00:43,aml_gca_d_s2024,amlworld/AMLWORLD_NODE_FEAT,2024,,-1,-1,-1,32,-1,BarlowTwins,0.027348117778606,0.4684756584197925,0.0516793590702997,0.991833631704147,0.7948508819338672,0.8824835396221886,0.7908812052262711,0.4670814493462442,0.5634590067903263,0.0315438241050726,0.0,0.0
2026-05-08 21:02:49,aml_gca_d_s2025,amlworld/AMLWORLD_NODE_FEAT,2025,,-1,-1,-1,32,-1,BarlowTwins,0.0274203390729882,0.407451212300414,0.0513827605493754,0.9910719059075114,0.8198644222713078,0.8973751124461973,0.8147872216505854,0.4743789364977863,0.5353866623544594,0.0289533559307636,0.0,0.0
2026-05-08 21:04:44,aml_gca_d_s2026,amlworld/AMLWORLD_NODE_FEAT,2026,,-1,-1,-1,32,-1,BarlowTwins,0.0268107198600794,0.4767716535433071,0.0507666348763847,0.991738542589398,0.7839883830640406,0.8757106570773417,0.7802010328292143,0.4632386459768632,0.5704190607917693,0.0322863194815559,0.0,0.0
2026-05-08 21:06:38,aml_gca_d_s2027,amlworld/AMLWORLD_NODE_FEAT,2027,,-1,-1,-1,32,-1,BarlowTwins,0.0262004726179824,0.4522772277227723,0.049531575294934,0.9914865588584724,0.7914363351366757,0.8802382774073669,0.7872798928342619,0.4648849263511505,0.5573756058920307,0.0299747129501564,0.0,0.0
2026-05-08 21:07:52,aml_dgi_bn_a_s2024,amlworld/AMLWORLD_NODE_FEAT,2024,,-1,-1,-1,32,-1,BarlowTwins,0.0209300642795981,0.692537909018356,0.040632133450395,0.9937417253506828,0.6011226846165184,0.7491053032784627,0.6022345609505135,0.3948687183644289,0.715880936261497,0.024432241466122,0.0,0.0
2026-05-08 21:09:06,aml_dgi_bn_a_s2025,amlworld/AMLWORLD_NODE_FEAT,2025,,-1,-1,-1,32,-1,BarlowTwins,0.02145625523953,0.6962349694460871,0.0416295885954728,0.9937726806165088,0.6042201577890854,0.7515146144055301,0.6053529480284999,0.3965721015005015,0.7100080761283154,0.0251639716567141,0.0,0.0
2026-05-08 21:10:19,aml_dgi_bn_a_s2026,amlworld/AMLWORLD_NODE_FEAT,2026,,-1,-1,-1,32,-1,BarlowTwins,0.0211635284549817,0.6710629921259843,0.0410329864768083,0.993342443813174,0.6125968077996619,0.757834905051027,0.613317575569318,0.3994339457639176,0.7083606772127155,0.0239547780124175,0.0,0.0
2026-05-08 21:11:32,aml_dgi_bn_a_s2027,amlworld/AMLWORLD_NODE_FEAT,2027,,-1,-1,-1,32,-1,BarlowTwins,0.0237622205705791,0.6584158415841584,0.0458690284043096,0.9936614439414428,0.6643842347588091,0.7963266712409043,0.6643110912656041,0.4210978498226069,0.7188953502939073,0.0246098826118236,0.0,0.0
2026-05-08 21:12:52,aml_dgi_bn_b_s2024,amlworld/AMLWORLD_NODE_FEAT,2024,,-1,-1,-1,32,-1,BarlowTwins,0.0250530469418903,0.5371109337589784,0.0478730971688718,0.992383953778478,0.7426423623053112,0.849539118705036,0.7401424993690423,0.4487061079369538,0.7212179728510073,0.0269167554809922,0.0,0.0
2026-05-08 21:14:11,aml_dgi_bn_b_s2025,amlworld/AMLWORLD_NODE_FEAT,2025,,-1,-1,-1,32,-1,BarlowTwins,0.0257504596595185,0.5328208160851567,0.0491266970792969,0.9922827194784812,0.7487315693650353,0.8534719129760174,0.7460735017181463,0.4512993050276572,0.7157707188099722,0.0303408503683358,0.0,0.0
2026-05-08 21:15:30,aml_dgi_bn_b_s2026,amlworld/AMLWORLD_NODE_FEAT,2026,,-1,-1,-1,32,-1,BarlowTwins,0.0254783650865809,0.4854330708661417,0.048415596654494,0.9917090623057307,0.7682460588905925,0.8657909164917567,0.7647595565823448,0.4571032565731253,0.7136306987229373,0.0276985189797216,0.0,0.0
2026-05-08 21:16:49,aml_dgi_bn_b_s2027,amlworld/AMLWORLD_NODE_FEAT,2027,,-1,-1,-1,32,-1,BarlowTwins,0.0263607865488743,0.5128712871287129,0.0501442372848541,0.9921611114651712,0.7649709352320022,0.8638786308233982,0.7618814187811839,0.4570114340541261,0.7120009138095583,0.0285294514830016,0.0,0.0
2026-05-08 21:19:00,aml_dgi_bn_c_s2024,amlworld/AMLWORLD_NODE_FEAT,2024,,-1,-1,-1,32,-1,BarlowTwins,0.0230670845269527,0.6153232242617718,0.0444671939095516,0.9930740907049844,0.6791308406623102,0.806632284607585,0.6783547535382166,0.4255497392585683,0.7114582377129066,0.0231733601999289,0.0,0.0
2026-05-08 21:21:12,aml_dgi_bn_c_s2025,amlworld/AMLWORLD_NODE_FEAT,2025,,-1,-1,-1,32,-1,BarlowTwins,0.02239893594442,0.6240883106643011,0.043245753624871,0.9929559776305196,0.6604905663158878,0.7932981666605187,0.6600424197713021,0.4182719601426948,0.7063858411639072,0.0235363206570899,0.0,0.0
2026-05-08 21:23:23,aml_dgi_bn_c_s2026,amlworld/AMLWORLD_NODE_FEAT,2026,,-1,-1,-1,32,-1,BarlowTwins,0.0224620174258485,0.627755905511811,0.0433721175358544,0.9929988633797238,0.6590006683178048,0.7922361986793504,0.6586154846725815,0.4178041581076024,0.7057981672297376,0.0221692208830697,0.0,0.0
2026-05-08 21:25:34,aml_dgi_bn_c_s2027,amlworld/AMLWORLD_NODE_FEAT,2027,,-1,-1,-1,32,-1,BarlowTwins,0.0224868599992648,0.6057425742574257,0.0433639295460183,0.9927871988175498,0.6732953009911012,0.8024079911105776,0.6724674328758081,0.4228859603282979,0.7088818212127683,0.0237055637651279,0.0,0.0
2026-05-08 21:27:27,aml_dgi_bn_d_s2024,amlworld/AMLWORLD_NODE_FEAT,2024,,-1,-1,-1,32,-1,BarlowTwins,0.0243941425640934,0.5480845969672785,0.0467093461201656,0.9924364612656656,0.7301085835012038,0.8412974524537772,0.7278946397716903,0.4440033992869714,0.7320898369437843,0.0283116164506106,0.0,0.0
2026-05-08 21:29:21,aml_dgi_bn_d_s2025,amlworld/AMLWORLD_NODE_FEAT,2025,,-1,-1,-1,32,-1,BarlowTwins,0.0252891573369725,0.5917602996254682,0.0485054128292131,0.9929405348286264,0.7157118322158039,0.8318360166998875,0.7141858704304103,0.4401707147645503,0.7335997900198792,0.0304650371580134,0.0,0.0
2026-05-08 21:31:15,aml_dgi_bn_d_s2026,amlworld/AMLWORLD_NODE_FEAT,2026,,-1,-1,-1,32,-1,BarlowTwins,0.0249046777643448,0.5271653543307087,0.0475623834472959,0.9921127463535409,0.7423733144631836,0.84926370349133,0.7397202430643188,0.448413043469313,0.7243709964582871,0.0287502099395392,0.0,0.0
2026-05-08 21:33:10,aml_dgi_bn_d_s2027,amlworld/AMLWORLD_NODE_FEAT,2027,,-1,-1,-1,32,-1,BarlowTwins,0.024748185855085,0.542970297029703,0.0473387082851371,0.9923392503883482,0.7345254064890842,0.8441870512129076,0.7321778718282242,0.4457628797490224,0.7206318711164128,0.028621794940701,0.0,0.0
2026-05-08 21:34:24,aml_mvgrl_bn_a_s2024,amlworld/AMLWORLD_NODE_FEAT,2024,,-1,-1,-1,32,-1,BarlowTwins,0.0209352318152723,0.6917398244213887,0.0406404951411926,0.9937313868850064,0.6016827986046283,0.7495371262964289,0.6027781552738356,0.3950888107188107,0.7152588031342574,0.0245489395106216,0.0,0.0
2026-05-08 21:35:39,aml_mvgrl_bn_a_s2025,amlworld/AMLWORLD_NODE_FEAT,2025,,-1,-1,-1,32,-1,BarlowTwins,0.0215274779404163,0.6978119455943229,0.0417664617671696,0.993809337280066,0.6046648763264775,0.7518689946992958,0.6058116057388029,0.3968177282332327,0.7134116482342039,0.0255788421591843,0.0,0.0
2026-05-08 21:36:52,aml_mvgrl_bn_a_s2026,amlworld/AMLWORLD_NODE_FEAT,2026,,-1,-1,-1,32,-1,BarlowTwins,0.0214404018710299,0.6956692913385827,0.0415987381480674,0.9937470423834042,0.6036899988206157,0.7510970828524919,0.6048239142674096,0.3963479105002797,0.7124172953330894,0.0240178617061196,0.0,0.0
2026-05-08 21:38:06,aml_mvgrl_bn_a_s2027,amlworld/AMLWORLD_NODE_FEAT,2027,,-1,-1,-1,32,-1,BarlowTwins,0.023735877081035,0.6518811881188119,0.0458039695846058,0.9935693670691604,0.6673373920820005,0.7984144644114279,0.6671479741404415,0.4221092169980169,0.7178854958627044,0.0246198749905916,0.0,0.0
2026-05-08 21:39:25,aml_mvgrl_bn_b_s2024,amlworld/AMLWORLD_NODE_FEAT,2024,,-1,-1,-1,32,-1,BarlowTwins,0.0251394789617252,0.527733439744613,0.0479927421183941,0.9922863595332058,0.7480273178401219,0.8530155381773002,0.7453479003669262,0.4505041401478472,0.7239284480083745,0.0269807311538566,0.0,0.0
2026-05-08 21:40:45,aml_mvgrl_bn_b_s2025,amlworld/AMLWORLD_NODE_FEAT,2025,,-1,-1,-1,32,-1,BarlowTwins,0.0259829556459422,0.5288783757145673,0.0495324600998772,0.9922606634457212,0.7528814567111959,0.8561533700935023,0.7501237647789707,0.4528429150966898,0.7137407398937544,0.0299645884794984,0.0,0.0
2026-05-08 21:42:04,aml_mvgrl_bn_b_s2026,amlworld/AMLWORLD_NODE_FEAT,2026,,-1,-1,-1,32,-1,BarlowTwins,0.0256844890492087,0.4891732283464567,0.0488063556284432,0.9917702912270352,0.7683836537327515,0.8659016243650606,0.7649415636102429,0.4573539899967518,0.7170479274254535,0.0278986255139386,0.0,0.0
2026-05-08 21:43:24,aml_mvgrl_bn_b_s2027,amlworld/AMLWORLD_NODE_FEAT,2027,,-1,-1,-1,32,-1,BarlowTwins,0.0261472518908549,0.5182178217821782,0.0497826645234313,0.9922015481513534,0.7605289148989489,0.8610542039229103,0.7575593585586985,0.4554184342231708,0.7126166340486814,0.0283404927416464,0.0,0.0
2026-05-08 21:45:35,aml_mvgrl_bn_c_s2024,amlworld/AMLWORLD_NODE_FEAT,2024,,-1,-1,-1,32,-1,BarlowTwins,0.0229260169219395,0.6125299281723863,0.0441977814729234,0.9930184819692052,0.6785756399547979,0.8062222079527395,0.6777723310489429,0.4252099947128314,0.7094257528798669,0.0230717330291378,0.0,0.0
2026-05-08 21:47:49,aml_mvgrl_bn_c_s2025,amlworld/AMLWORLD_NODE_FEAT,2025,,-1,-1,-1,32,-1,BarlowTwins,0.0223689139238538,0.6238911886457718,0.0431893234354957,0.9929485071013856,0.6601318430757815,0.7930369845627084,0.6596856859966219,0.4181131539991021,0.706637518167012,0.0236490335725565,0.0,0.0
2026-05-08 21:50:00,aml_mvgrl_bn_c_s2026,amlworld/AMLWORLD_NODE_FEAT,2026,,-1,-1,-1,32,-1,BarlowTwins,0.0234688679810631,0.6167322834645669,0.0452170650040411,0.993010883923956,0.6796914927074733,0.8070067447722181,0.6789153351841426,0.4261119048881296,0.7071061208829503,0.0222255419290783,0.0,0.0
2026-05-08 21:52:12,aml_mvgrl_bn_c_s2027,amlworld/AMLWORLD_NODE_FEAT,2027,,-1,-1,-1,32,-1,BarlowTwins,0.0224387581231697,0.6023762376237624,0.0432658460094297,0.9927378726451432,0.6743984354654048,0.8031747192860539,0.6735157933565008,0.4232202826477418,0.7082378773794356,0.0235571987203353,0.0,0.0
2026-05-08 21:54:07,aml_mvgrl_bn_d_s2024,amlworld/AMLWORLD_NODE_FEAT,2024,,-1,-1,-1,32,-1,BarlowTwins,0.0244399185336048,0.553072625698324,0.0468112772622495,0.9924996065641836,0.7281752075861052,0.8400350851835949,0.7260454483682464,0.4434231812229222,0.7331455239503999,0.0284672818749419,0.0,0.0
2026-05-08 21:56:03,aml_mvgrl_bn_d_s2025,amlworld/AMLWORLD_NODE_FEAT,2025,,-1,-1,-1,32,-1,BarlowTwins,0.0253570977120465,0.5931401537551745,0.0486350191533724,0.9929654030067449,0.715832225632004,0.8319260543170676,0.7143217690112408,0.44028053673522,0.7336125022418265,0.0302684035896843,0.0,0.0
2026-05-08 21:57:58,aml_mvgrl_bn_d_s2026,amlworld/AMLWORLD_NODE_FEAT,2026,,-1,-1,-1,32,-1,BarlowTwins,0.0245412475208605,0.540748031496063,0.0469516468114926,0.992226908955214,0.7317219994496207,0.84229208207826,0.7293676833174785,0.4446218644448763,0.7282728820493367,0.0285614328343727,0.0,0.0
2026-05-08 21:59:51,aml_mvgrl_bn_d_s2027,amlworld/AMLWORLD_NODE_FEAT,2027,,-1,-1,-1,32,-1,BarlowTwins,0.0247586169696315,0.5453465346534654,0.0473667916480341,0.9923679854273728,0.733478780016805,0.8435057779786963,0.731173193034227,0.4454362848133652,0.7206510874859173,0.0286088056155664,0.0,0.0
2026-05-08 22:01:03,aml_grace_bn_a_s2024,amlworld/AMLWORLD_NODE_FEAT,2024,,-1,-1,-1,32,-1,BarlowTwins,0.0214253741274392,0.3533519553072625,0.0404010448152752,0.990161286895174,0.8012872795165332,0.8857677063517604,0.7958390766662137,0.4630843755835178,0.6072797513648667,0.0185257265390058,0.0,0.0
2026-05-08 22:02:16,aml_grace_bn_a_s2025,amlworld/AMLWORLD_NODE_FEAT,2025,,-1,-1,-1,32,-1,BarlowTwins,0.0220479363316675,0.3757145673171693,0.0416516427923645,0.990274058423212,0.7922795879105354,0.8802808538634468,0.7871512745345474,0.4609662483279056,0.6004386408195748,0.0189317306530947,0.0,0.0
2026-05-08 22:03:27,aml_grace_bn_a_s2026,amlworld/AMLWORLD_NODE_FEAT,2026,,-1,-1,-1,32,-1,BarlowTwins,0.0209509593960239,0.3812992125984252,0.0397194824368938,0.9901663861234348,0.7775951370051499,0.8711000399113692,0.7727096235609311,0.4554097611741315,0.5953775160780115,0.0182438609679798,0.0,0.0
2026-05-08 22:04:39,aml_grace_bn_a_s2027,amlworld/AMLWORLD_NODE_FEAT,2027,,-1,-1,-1,32,-1,BarlowTwins,0.0215272234719299,0.3524752475247524,0.0405762742773775,0.9900724378085286,0.8012245038351735,0.8856938001759894,0.7957250189287309,0.4631350372266835,0.6578191192720699,0.0198126539567949,0.0,0.0
2026-05-08 22:05:57,aml_grace_bn_b_s2024,amlworld/AMLWORLD_NODE_FEAT,2024,,-1,-1,-1,32,-1,BarlowTwins,0.0243798016316628,0.4090183559457302,0.0460167456059619,0.990969126731019,0.7984670564535941,0.8843636996868223,0.7937302219029684,0.4651902226463921,0.6662735379666994,0.0228774072789194,0.0,0.0
2026-05-08 22:07:18,aml_grace_bn_b_s2025,amlworld/AMLWORLD_NODE_FEAT,2025,,-1,-1,-1,32,-1,BarlowTwins,0.026401054394684,0.3790656416321703,0.0493640179178806,0.9907143741488176,0.8257612426566159,0.9007481577469773,0.8202619930497583,0.4750560878324289,0.6509515914224429,0.0259599542785669,0.0,0.0
2026-05-08 22:08:36,aml_grace_bn_b_s2026,amlworld/AMLWORLD_NODE_FEAT,2026,,-1,-1,-1,32,-1,BarlowTwins,0.0261386250405769,0.3645669291338582,0.0487798453900148,0.9905397999525232,0.830461041003263,0.9034643970751566,0.8247175250927022,0.4761221212325857,0.6335403463888242,0.0238174582884256,0.0,0.0
2026-05-08 22:09:55,aml_grace_bn_b_s2027,amlworld/AMLWORLD_NODE_FEAT,2027,,-1,-1,-1,32,-1,BarlowTwins,0.0258921750518389,0.3758415841584158,0.0484467927610587,0.9906956973503992,0.824564765540929,0.90002815806058,0.8190656001863752,0.4742374754108194,0.6667377441489892,0.0249482135845723,0.0,0.0
2026-05-08 22:12:05,aml_grace_bn_c_s2024,amlworld/AMLWORLD_NODE_FEAT,2024,,-1,-1,-1,32,-1,BarlowTwins,0.0233915167778438,0.3687150837988827,0.0439921442599535,0.990500466870228,0.8104579177516827,0.8914797285338096,0.805085033683434,0.4677359363968816,0.7109268323997643,0.0234494809416222,0.0,0.0
2026-05-08 22:14:17,aml_grace_bn_c_s2025,amlworld/AMLWORLD_NODE_FEAT,2025,,-1,-1,-1,32,-1,BarlowTwins,0.0238706971134939,0.3589591957421644,0.0447645620029744,0.9903152603146052,0.8170388625033477,0.8953708004335036,0.8113994641713098,0.470067681218239,0.7085364568723883,0.0243261517067575,0.0,0.0
2026-05-08 22:16:26,aml_grace_bn_c_s2026,amlworld/AMLWORLD_NODE_FEAT,2026,,-1,-1,-1,32,-1,BarlowTwins,0.0232344337651483,0.3830708661417323,0.0438115607587099,0.9904543474751536,0.7989911349608837,0.8844798581276715,0.793863693723427,0.4641457094431907,0.7060608276480662,0.0234942654436435,0.0,0.0
2026-05-08 22:18:36,aml_grace_bn_c_s2027,amlworld/AMLWORLD_NODE_FEAT,2027,,-1,-1,-1,32,-1,BarlowTwins,0.0232187488680407,0.3807920792079208,0.0437687063991533,0.990502686400345,0.8012441587923994,0.8858779284314378,0.7960914597448989,0.4648233174152955,0.7058431356351137,0.0234150141147466,0.0,0.0
2026-05-08 22:20:28,aml_grace_bn_d_s2024,amlworld/AMLWORLD_NODE_FEAT,2024,,-1,-1,-1,32,-1,BarlowTwins,0.0282515028767512,0.436951316839585,0.0530716103235187,0.9915648893751084,0.8149461995774578,0.8946217304419819,0.8103486769302451,0.4738466703827503,0.7376710168675316,0.0287516953949575,0.0,0.0
2026-05-08 22:22:23,aml_grace_bn_d_s2025,amlworld/AMLWORLD_NODE_FEAT,2025,,-1,-1,-1,32,-1,BarlowTwins,0.0309967190519708,0.4078454563374729,0.0576146584611957,0.9913008979998436,0.8410806906159475,0.9100332038674928,0.8357471509833233,0.4838239311643443,0.723387326480029,0.0302983522555236,0.0,0.0
2026-05-08 22:24:16,aml_grace_bn_d_s2026,amlworld/AMLWORLD_NODE_FEAT,2026,,-1,-1,-1,32,-1,BarlowTwins,0.0299533031369634,0.4204724409448819,0.0559228181330261,0.9913605136738066,0.8300335141722688,0.903552376252586,0.8249844687336194,0.4797375971928061,0.7236307296295401,0.0294426735069089,0.0,0.0
2026-05-08 22:26:09,aml_grace_bn_d_s2027,amlworld/AMLWORLD_NODE_FEAT,2027,,-1,-1,-1,32,-1,BarlowTwins,0.0284492595847378,0.4295049504950495,0.0533638410156105,0.9914212803463648,0.818014751045398,0.8964088453570221,0.8132535090954979,0.4748863431863163,0.7358968024254996,0.0293309271189813,0.0,0.0
2026-05-08 22:26:58,aml_gin_a_s2024,amlworld/AMLWORLD_NODE_FEAT,2024,,-1,-1,-1,32,-1,BarlowTwins,0.020894636106737,0.7863128491620112,0.0407075532601678,0.9952071744704846,0.5463273227534025,0.7054125252371459,0.5492462482284649,0.3730600392486569,0.7124103157188629,0.0249202795258571,0.0,0.0
2026-05-08 22:27:50,aml_gin_a_s2025,amlworld/AMLWORLD_NODE_FEAT,2025,,-1,-1,-1,32,-1,BarlowTwins,0.0212171613783691,0.7845456337472896,0.0413169518885895,0.9951311428673248,0.548883412489957,0.7075205031932565,0.5517846395775495,0.374418727540923,0.7086349788930498,0.024232832128073,0.0,0.0
2026-05-08 22:28:41,aml_gin_a_s2026,amlworld/AMLWORLD_NODE_FEAT,2026,,-1,-1,-1,32,-1,BarlowTwins,0.0214645118649126,0.7927165354330709,0.0417972723309737,0.995308740978348,0.5489223375398042,0.7075977271431557,0.551927818439496,0.3746974997370647,0.7076348179878711,0.0239077949668273,0.0,0.0
2026-05-08 22:29:31,aml_gin_a_s2027,amlworld/AMLWORLD_NODE_FEAT,2027,,-1,-1,-1,32,-1,BarlowTwins,0.02107022157475,0.779009900990099,0.0410306687039461,0.9950479892440196,0.550945649129531,0.7092103702649494,0.5537406084373605,0.3751205194844477,0.7112666732053456,0.0245461152530569,0.0,0.0
2026-05-08 22:30:23,aml_gin_b_s2024,amlworld/AMLWORLD_NODE_FEAT,2024,,-1,-1,-1,32,-1,BarlowTwins,0.0218328749448236,0.6414604948124502,0.0422284539657312,0.9932141818689888,0.6461455313712966,0.7829409251991064,0.6460885476324526,0.4125846895824188,0.7174381246713778,0.0246058857843013,0.0,0.0
2026-05-08 22:31:16,aml_gin_b_s2025,amlworld/AMLWORLD_NODE_FEAT,2025,,-1,-1,-1,32,-1,BarlowTwins,0.0239886170258404,0.661344372166371,0.0462978934803458,0.9936887889675036,0.6646109695601218,0.7964983002386585,0.6645707546254053,0.4213980968595022,0.7278426815403818,0.0276534281283392,0.0,0.0
2026-05-08 22:32:09,aml_gin_b_s2026,amlworld/AMLWORLD_NODE_FEAT,2026,,-1,-1,-1,32,-1,BarlowTwins,0.0227109367272247,0.6779527559055119,0.0439495932365608,0.9937180092693922,0.6358626213783072,0.7754978506755127,0.6363815061445572,0.4097237219560368,0.7222306479393741,0.0260837771119706,0.0,0.0
2026-05-08 22:33:01,aml_gin_b_s2027,amlworld/AMLWORLD_NODE_FEAT,2027,,-1,-1,-1,32,-1,BarlowTwins,0.0225224329002606,0.6724752475247525,0.043585119968171,0.993669844501682,0.6378893524182968,0.7769885577223777,0.6383132074006485,0.4102868388452744,0.7224330650188417,0.0250088381505031,0.0,0.0
2026-05-08 22:34:48,aml_gin_c_s2024,amlworld/AMLWORLD_NODE_FEAT,2024,,-1,-1,-1,32,-1,BarlowTwins,0.024367060064248,0.7007182761372706,0.0470963718896882,0.994401794411498,0.6545546111138407,0.7894572320419316,0.6551160962161953,0.4182768019658099,0.7212890193589921,0.0232403266957918,0.0,0.0
2026-05-08 22:36:36,aml_gin_c_s2025,amlworld/AMLWORLD_NODE_FEAT,2025,,-1,-1,-1,32,-1,BarlowTwins,0.0247397593619034,0.6853932584269663,0.0477557411273486,0.9941221747953256,0.6632276737780682,0.7956429211469535,0.6635005533013648,0.421699331137151,0.7151242296501625,0.0229548400957397,0.0,0.0
2026-05-08 22:38:23,aml_gin_c_s2026,amlworld/AMLWORLD_NODE_FEAT,2026,,-1,-1,-1,32,-1,BarlowTwins,0.0250316411193924,0.7007874015748031,0.048336727766463,0.994367282806872,0.659305342611157,0.792891715077625,0.6598167310567086,0.420614221422044,0.7178328226150201,0.0230922624145411,0.0,0.0
2026-05-08 22:40:10,aml_gin_c_s2027,amlworld/AMLWORLD_NODE_FEAT,2027,,-1,-1,-1,32,-1,BarlowTwins,0.0244269971481885,0.686930693069307,0.0471764185904192,0.9941456803563692,0.6596105370225688,0.793041875468003,0.6599453493564231,0.4201091470292111,0.7135780596869481,0.0229669409336208,0.0,0.0
2026-05-08 22:41:37,aml_gin_d_s2024,amlworld/AMLWORLD_NODE_FEAT,2024,,-1,-1,-1,32,-1,BarlowTwins,0.0240856127010948,0.6825618515562649,0.0465293409590131,0.994108214800194,0.6594752616321918,0.7929321795843136,0.6597560620474092,0.4197307602716633,0.7311128820237414,0.0261583604024475,0.0,0.0
2026-05-08 22:43:05,aml_gin_d_s2025,amlworld/AMLWORLD_NODE_FEAT,2025,,-1,-1,-1,32,-1,BarlowTwins,0.024811226932852,0.6639069584072541,0.0478347938473774,0.9938297741444014,0.6747485866058639,0.8037803332523569,0.674615115805005,0.4258075635498671,0.7347073627594618,0.0269441821594713,0.0,0.0
2026-05-08 22:44:33,aml_gin_d_s2026,amlworld/AMLWORLD_NODE_FEAT,2026,,-1,-1,-1,32,-1,BarlowTwins,0.0252708888631359,0.6868110236220473,0.0487481137875146,0.994193600186856,0.6693423949365098,0.8000499265785609,0.6695577471898115,0.4243990201830377,0.7374951850511329,0.0277075990719434,0.0,0.0
2026-05-08 22:46:00,aml_gin_d_s2027,amlworld/AMLWORLD_NODE_FEAT,2027,None,-1,-1,-1,32,-1,BarlowTwins,0.02414929441371801,0.6631683168316832,0.04660159049321988,0.9937781874444481,0.6675118298273803,0.7986067326558056,0.6674585994680541,0.42260416157451275,0.7285495076992701,0.025963511792661764,0.0,0.0
